<?xml version="1.0" encoding="UTF-8"?>
<project-private xmlns="http://www.netbeans.org/ns/project-private/1">
    <editor-bookmarks xmlns="http://www.netbeans.org/ns/editor-bookmarks/2" lastBookmarkId="0"/>
    <open-files xmlns="http://www.netbeans.org/ns/projectui-open-files/2">
        <group>
            <file>file:/D:/Semester%204/Nasha/QRCodeReader/web/failed.jsp</file>
            <file>file:/D:/Semester%204/Nasha/QRCodeReader/src/java/QRReader/KeyInAttendanceDAO.java</file>
            <file>file:/D:/Semester%204/Nasha/QRCodeReader/web/success.jsp</file>
            <file>file:/D:/Semester%204/Nasha/QRCodeReader/src/java/QRReader/Attendance.java</file>
            <file>file:/D:/Semester%204/Nasha/QRCodeReader/src/java/QRReader/QRReaderController.java</file>
            <file>file:/D:/Semester%204/Nasha/QRCodeReader/src/java/QRReader/DBConnection.java</file>
            <file>file:/D:/Semester%204/Nasha/QRCodeReader/web/index.jsp</file>
            <file>file:/D:/Semester%204/Nasha/QRCodeReader/src/java/QRReader/KeyInAttendance.java</file>
        </group>
    </open-files>
</project-private>
